{"totalPlayTime":24.103471755981447,"bestTimeL1":24.103471755981447,"bestTimeL2":0.0,"bestTimeL3":0.0}